Workbook

Sheet סיכום
A1: סיכום: חנן המנעולן
A2: הכל מחושב מהגיליונות "הוצאות" ו"הגדרות". לא צריך לגעת כאן.
A4: הכנסה מחנן
A5: מחיר חודשי כולל מע"מ | B5: =הגדרות!$B$7 -> 500 | C5: מה שחנן משלם
A6: מע"מ שמעבירים למדינה | B6: =B5-B7 -> 76.271186 | C6: המחיר פחות ההכנסה נטו
A7: הכנסה חודשית נטו | B7: =הגדרות!$B$7/(1+הגדרות!$B$6) -> 423.72881 | C7: 500 חלקי 1.18, לא 500 פחות 18%
A9: הוצאות חודשיות
A10: הוצאה חודשית עכשיו (פעיל) | B10: =SUMIFS(הוצאות!$M$5:$M$31,הוצאות!$F$5:$F$31,"פעיל") -> 218.3 | C10: כולל UltraMsg
A11: נשאר בחודש, עכשיו | B11: =B7-B10 -> 205.42881
A12: מה שמתבטל במעבר ל-360dialog | B12: =SUMIFS(הוצאות!$M$5:$M$31,הוצאות!$F$5:$F$31,"פעיל",הוצאות!$G$5:$G$31,"כן") -> 144.3 | C12: UltraMsg
A13: מה שמתווסף במעבר (מתוכנן) | B13: =SUMIFS(הוצאות!$M$5:$M$31,הוצאות!$F$5:$F$31,"מתוכנן") -> 206 | C13: 360dialog ו-Meta
A14: הוצאה חודשית אחרי המעבר | B14: =B10-B12+B13 -> 280
A15: נשאר בחודש, אחרי המעבר | B15: =B7-B14 -> 143.72881
A16: נשאר בשנה, אחרי המעבר | B16: =B15*12 -> 1724.7458
A18: חד-פעמי
A19: שילמנו חד-פעמי | B19: =SUMIFS(הוצאות!$L$5:$L$31,הוצאות!$E$5:$E$31,"חד-פעמי",הוצאות!$F$5:$F$31,"פעיל") -> 37 | C19: טעינות ורכישות
A20: הקמה מחנן, נטו אחרי מע"מ | B20: =הגדרות!$B$8/(1+הגדרות!$B$6) -> 2118.6441 | C20: 2,500 חלקי 1.18
A21: יתרת הקמה לקבל (כולל מע"מ) | B21: =הגדרות!$B$8-הגדרות!$B$9 -> 1500 | C21: אחרי שבוע באוויר
A23: כל לקוח נוסף
A24: עלות חודשית ללקוח נוסף | B24: =SUMIFS(הוצאות!$M$5:$M$31,הוצאות!$H$5:$H$31,"כן",הוצאות!$F$5:$F$31,"<>בוטל") -> 261.5 | C24: 360dialog, Anthropic ו-Meta. השרת משותף
A25: נשאר מלקוח במחיר 500 כולל מע"מ | B25: =B7-B24 -> 162.22881
A26: נשאר מלקוח במחיר 500 + מע"מ | B26: =הגדרות!$B$7-B24 -> 238.5 | C26: אם הלקוח משלם 590

Sheet הגדרות
A1: הגדרות ושערים
A2: תאים בכחול על רקע צהוב: מכאן משנים. כל השאר מחושב לבד.
A4: שער דולר (₪) | B4: 3.7 | C4: שער עבודה, לעדכן לפי השער היציג
A5: שער יורו (₪) | B5: 4 | C5: שער עבודה, לעדכן לפי השער היציג
A6: מע"מ | B6: 0.18 | C6: מע"מ בישראל, 18%
A7: מחיר חודשי לחנן, כולל מע"מ (₪) | B7: 500 | C7: מה שחנן משלם כל חודש (לפי אריאל)
A8: מחיר הקמה לחנן, כולל מע"מ (₪) | B8: 2500 | C8: לפי החוזה
A9: מקדמה ששולמה (₪) | B9: 1000 | C9: שולם

Sheet הוצאות
A1: הוצאות: חנן המנעולן
A2: שורה לכל דבר שמשלמים עליו. קניתם משהו? מוסיפים שורה בסוף הטבלה (עמודות A עד K), והעמודות האפורות מחושבות לבד.
A4: מה | B4: קטגוריה | C4: סכום | D4: מטבע | E4: תדירות | F4: מצב | G4: מתבטל במעבר ל-360dialog | H4: לכל לקוח נוסף | I4: מאז | J4: על שם | K4: הערה | L4: בשקלים | M4: לחודש (₪)
A5: Cloudflare Workers Paid (השרת) | B5: שרת | C5: 5 | D5: USD | E5: חודשי | F5: פעיל | G5: לא | H5: לא | I5: 14/10/2026 | J5: מייל העסק | K5: השרת, מסד הנתונים ותמלול ההקלטות. משותף לכל הלקוחות | L5: =IF(C5="","",C5*IF(D5="USD",הגדרות!$B$4,IF(D5="EUR",הגדרות!$B$5,1))) -> 18.5 | M5: =IF(C5="","",IF(OR(E5="חודשי",E5="לפי שימוש"),L5,IF(E5="שנתי",L5/12,0))) -> 18.5
A6: Anthropic, טעינת קרדיט ראשונה | B6: AI | C6: 10 | D6: USD | E6: חד-פעמי | F6: פעיל | G6: לא | H6: לא | I6: 14/10/2026 | J6: מייל העסק | K6: שולם | L6: =IF(C6="","",C6*IF(D6="USD",הגדרות!$B$4,IF(D6="EUR",הגדרות!$B$5,1))) -> 37 | M6: =IF(C6="","",IF(OR(E6="חודשי",E6="לפי שימוש"),L6,IF(E6="שנתי",L6/12,0))) -> 0
A7: Anthropic, שימוש חודשי (Claude) | B7: AI | C7: 15 | D7: USD | E7: לפי שימוש | F7: פעיל | G7: לא | H7: כן | I7: 14/10/2026 | J7: מייל העסק | K7: הערכה ל-90 פניות בחודש. לעדכן אחרי שבוע באוויר | L7: =IF(C7="","",C7*IF(D7="USD",הגדרות!$B$4,IF(D7="EUR",הגדרות!$B$5,1))) -> 55.5 | M7: =IF(C7="","",IF(OR(E7="חודשי",E7="לפי שימוש"),L7,IF(E7="שנתי",L7/12,0))) -> 55.5
A8: UltraMsg, instance194049 | B8: וואטסאפ | C8: 39 | D8: USD | E8: חודשי | F8: פעיל | G8: כן | H8: לא | I8: 14/10/2026 | J8: השותף | K8: הערכה. לבדיקות בלבד. לבדוק את המחיר המדויק | L8: =IF(C8="","",C8*IF(D8="USD",הגדרות!$B$4,IF(D8="EUR",הגדרות!$B$5,1))) -> 144.3 | M8: =IF(C8="","",IF(OR(E8="חודשי",E8="לפי שימוש"),L8,IF(E8="שנתי",L8/12,0))) -> 144.3
A9: 360dialog, חיבור רשמי למספר של חנן | B9: וואטסאפ | C9: 49 | D9: EUR | E9: חודשי | F9: מתוכנן | G9: לא | H9: כן | J9: מייל העסק | K9: מתחיל ביום החיבור עם חנן | L9: =IF(C9="","",C9*IF(D9="USD",הגדרות!$B$4,IF(D9="EUR",הגדרות!$B$5,1))) -> 196 | M9: =IF(C9="","",IF(OR(E9="חודשי",E9="לפי שימוש"),L9,IF(E9="שנתי",L9/12,0))) -> 196
A10: Meta, תזכורות וביקורות | B10: וואטסאפ | C10: 10 | D10: ILS | E10: לפי שימוש | F10: מתוכנן | G10: לא | H10: כן | J10: מייל העסק | K10: הערכה. אגורות להודעה. שיחות שהלקוח פותח בחינם | L10: =IF(C10="","",C10*IF(D10="USD",הגדרות!$B$4,IF(D10="EUR",הגדרות!$B$5,1))) -> 10 | M10: =IF(C10="","",IF(OR(E10="חודשי",E10="לפי שימוש"),L10,IF(E10="שנתי",L10/12,0))) -> 10
A11: GitHub (הקוד) | B11: כלים | C11: 0 | D11: ILS | E11: חודשי | F11: פעיל | G11: לא | H11: לא | I11: 11/10/2026 | J11: אריאל | K11: חינם | L11: =IF(C11="","",C11*IF(D11="USD",הגדרות!$B$4,IF(D11="EUR",הגדרות!$B$5,1))) -> 0 | M11: =IF(C11="","",IF(OR(E11="חודשי",E11="לפי שימוש"),L11,IF(E11="שנתי",L11/12,0))) -> 0
L12: =IF(C12="","",C12*IF(D12="USD",הגדרות!$B$4,IF(D12="EUR",הגדרות!$B$5,1))) | M12: =IF(C12="","",IF(OR(E12="חודשי",E12="לפי שימוש"),L12,IF(E12="שנתי",L12/12,0)))
L13: =IF(C13="","",C13*IF(D13="USD",הגדרות!$B$4,IF(D13="EUR",הגדרות!$B$5,1))) | M13: =IF(C13="","",IF(OR(E13="חודשי",E13="לפי שימוש"),L13,IF(E13="שנתי",L13/12,0)))
L14: =IF(C14="","",C14*IF(D14="USD",הגדרות!$B$4,IF(D14="EUR",הגדרות!$B$5,1))) | M14: =IF(C14="","",IF(OR(E14="חודשי",E14="לפי שימוש"),L14,IF(E14="שנתי",L14/12,0)))
L15: =IF(C15="","",C15*IF(D15="USD",הגדרות!$B$4,IF(D15="EUR",הגדרות!$B$5,1))) | M15: =IF(C15="","",IF(OR(E15="חודשי",E15="לפי שימוש"),L15,IF(E15="שנתי",L15/12,0)))
L16: =IF(C16="","",C16*IF(D16="USD",הגדרות!$B$4,IF(D16="EUR",הגדרות!$B$5,1))) | M16: =IF(C16="","",IF(OR(E16="חודשי",E16="לפי שימוש"),L16,IF(E16="שנתי",L16/12,0)))
L17: =IF(C17="","",C17*IF(D17="USD",הגדרות!$B$4,IF(D17="EUR",הגדרות!$B$5,1))) | M17: =IF(C17="","",IF(OR(E17="חודשי",E17="לפי שימוש"),L17,IF(E17="שנתי",L17/12,0)))
L18: =IF(C18="","",C18*IF(D18="USD",הגדרות!$B$4,IF(D18="EUR",הגדרות!$B$5,1))) | M18: =IF(C18="","",IF(OR(E18="חודשי",E18="לפי שימוש"),L18,IF(E18="שנתי",L18/12,0)))
L19: =IF(C19="","",C19*IF(D19="USD",הגדרות!$B$4,IF(D19="EUR",הגדרות!$B$5,1))) | M19: =IF(C19="","",IF(OR(E19="חודשי",E19="לפי שימוש"),L19,IF(E19="שנתי",L19/12,0)))
L20: =IF(C20="","",C20*IF(D20="USD",הגדרות!$B$4,IF(D20="EUR",הגדרות!$B$5,1))) | M20: =IF(C20="","",IF(OR(E20="חודשי",E20="לפי שימוש"),L20,IF(E20="שנתי",L20/12,0)))
L21: =IF(C21="","",C21*IF(D21="USD",הגדרות!$B$4,IF(D21="EUR",הגדרות!$B$5,1))) | M21: =IF(C21="","",IF(OR(E21="חודשי",E21="לפי שימוש"),L21,IF(E21="שנתי",L21/12,0)))
L22: =IF(C22="","",C22*IF(D22="USD",הגדרות!$B$4,IF(D22="EUR",הגדרות!$B$5,1))) | M22: =IF(C22="","",IF(OR(E22="חודשי",E22="לפי שימוש"),L22,IF(E22="שנתי",L22/12,0)))
L23: =IF(C23="","",C23*IF(D23="USD",הגדרות!$B$4,IF(D23="EUR",הגדרות!$B$5,1))) | M23: =IF(C23="","",IF(OR(E23="חודשי",E23="לפי שימוש"),L23,IF(E23="שנתי",L23/12,0)))
... L31: =IF(C31="","",C31*IF(D31="USD",הגדרות!$B$4,IF(D31="EUR",הגדרות!$B$5,1))) | M31: =IF(C31="","",IF(OR(E31="חודשי",E31="לפי שימוש"),L31,IF(E31="שנתי",L31/12,0)))
