Workbook

Sheet לוח בקרה
A1: 📊 עונה ראשון: לוח בקרה
A2: הכל מתעדכן לבד. משנים חודש ויעדים ב"הגדרות", לקוחות ב"לקוחות", הוצאות ב"הוצאות".
B4: החודש שמוצג: | C4: =הגדרות!$B$12 -> 46296 | E4: לשנות חודש: בגיליון "הגדרות"
B6: 👥 לקוחות פעילים | E6: 💰 הכנסות החודש | H6: 💸 הוצאות החודש | K6: 📈 רווח החודש
B7: =IFERROR(INDEX(חודשים!$B$5:$B$19,MATCH(הגדרות!$B$12,חודשים!$A$5:$A$19,0)),0) -> 0 | E7: =IFERROR(INDEX(חודשים!$G$5:$G$19,MATCH(הגדרות!$B$12,חודשים!$A$5:$A$19,0)),0) -> 1000 | H7: =IFERROR(INDEX(חודשים!$K$5:$K$19,MATCH(הגדרות!$B$12,חודשים!$A$5:$A$19,0)),0) -> 199.8 | K7: =IFERROR(INDEX(חודשים!$L$5:$L$19,MATCH(הגדרות!$B$12,חודשים!$A$5:$A$19,0)),0) -> 800.2
B9: 🏦 רווח מצטבר | E9: ⏳ עוד לגבות מלקוחות | H9: 🧾 הכנסה מתחילת השנה | K9: 🧮 עלות חודשית ללקוח
B10: =IFERROR(INDEX(חודשים!$M$5:$M$19,MATCH(הגדרות!$B$12,חודשים!$A$5:$A$19,0)),0) -> 800.2 | E10: =SUM(לקוחות!$P$5:$P$40) -> 1500 | H10: =IFERROR(INDEX(חודשים!$O$5:$O$19,MATCH(הגדרות!$B$12,חודשים!$A$5:$A$19,0)),0) -> 1000 | K10: =הגדרות!$B$14 -> 246.7
B12: 🎯 יעדים
B13: היעד | E13: עכשיו | F13: המטרה | H13: התקדמות | L13: %
B14: לקוחות פעילים לחודש הזה | E14: =IFERROR(INDEX(חודשים!$B$5:$B$19,MATCH(הגדרות!$B$12,חודשים!$A$5:$A$19,0)),0) -> 0 | F14: =IFERROR(INDEX(חודשים!$D$5:$D$19,MATCH(הגדרות!$B$12,חודשים!$A$5:$A$19,0)),0) -> 1 | H14: =REPT("█",ROUND(MIN(1,L14)*20,0))&REPT("░",20-ROUND(MIN(1,L14)*20,0)) -> ░░░░░░░░░░░░░░░░░░░░ | L14: =IF(F14=0,0,MAX(0,E14)/F14) -> 0
B15: רווח חודשי | E15: =IFERROR(INDEX(חודשים!$L$5:$L$19,MATCH(הגדרות!$B$12,חודשים!$A$5:$A$19,0)),0) -> 800.2 | F15: =הגדרות!$B$11 -> 3000 | H15: =REPT("█",ROUND(MIN(1,L15)*20,0))&REPT("░",20-ROUND(MIN(1,L15)*20,0)) -> █████░░░░░░░░░░░░░░░ | L15: =IF(F15=0,0,MAX(0,E15)/F15) -> 0.26673333
B16: תקרת עוסק פטור (כמה ניצלנו השנה) | E16: =IFERROR(INDEX(חודשים!$O$5:$O$19,MATCH(הגדרות!$B$12,חודשים!$A$5:$A$19,0)),0) -> 1000 | F16: =הגדרות!$B$10 -> 120000 | H16: =REPT("█",ROUND(MIN(1,L16)*20,0))&REPT("░",20-ROUND(MIN(1,L16)*20,0)) -> ░░░░░░░░░░░░░░░░░░░░ | L16: =IF(F16=0,0,MAX(0,E16)/F16) -> 0.0083333333
B17: 💡 תקרת עוסק פטור: כשמתקרבים ל-80% מדברים עם רואה חשבון על מעבר לעוסק מורשה.
B19: 📉 גרפים

Sheet חודשים
A1: 📅 חודש אחרי חודש
A2: הכל מחושב לבד מ"לקוחות" ומ"הוצאות". את "יעד לקוחות" (צהוב) קובעים אתם.
A4: חודש | B4: לקוחות פעילים | C4: לקוחות חדשים | D4: 🎯 יעד לקוחות | E4: הכנסה מדמי חודש | F4: הכנסה מהקמה | G4: סה"כ הכנסות | H4: הוצאות קבועות | I4: הוצאות לפי לקוחות | J4: הוצאות חד-פעמיות | K4: סה"כ הוצאות | L4: רווח החודש | M4: רווח מצטבר | N4: % רווח | O4: הכנסה מתחילת השנה | P4: % מתקרת עוסק פטור | Q4: רווח אם עומדים ביעד | R4: עמידה ביעד
A5: 46296 | B5: =COUNTIFS(לקוחות!$G$5:$G$40,"<>ליד",לקוחות!$H$5:$H$40,"<="&EOMONTH($A5,0))-COUNTIFS(לקוחות!$G$5:$G$40,"<>ליד",לקוחות!$I$5:$I$40,"<"&$A5) -> 0 | C5: =COUNTIFS(לקוחות!$G$5:$G$40,"<>ליד",לקוחות!$H$5:$H$40,">="&$A5,לקוחות!$H$5:$H$40,"<="&EOMONTH($A5,0)) -> 0 | D5: 1 | E5: =SUMIFS(לקוחות!$J$5:$J$40,לקוחות!$G$5:$G$40,"<>ליד",לקוחות!$H$5:$H$40,"<="&EOMONTH($A5,0))-SUMIFS(לקוחות!$J$5:$J$40,לקוחות!$G$5:$G$40,"<>ליד",לקוחות!$I$5:$I$40,"<"&$A5) -> 0 | F5: =SUMIFS(לקוחות!$L$5:$L$40,לקוחות!$M$5:$M$40,">="&$A5,לקוחות!$M$5:$M$40,"<="&EOMONTH($A5,0))+SUMIFS(לקוחות!$N$5:$N$40,לקוחות!$O$5:$O$40,">="&$A5,לקוחות!$O$5:$O$40,"<="&EOMONTH($A5,0)) -> 1000 | G5: =E5+F5 -> 1000 | H5: =SUMPRODUCT((הוצאות!$F$5:$F$30="קבוע")*(הוצאות!$G$5:$G$30<>"בוטל")*(הוצאות!$E$5:$E$30<>"חד-פעמי")*(הוצאות!$H$5:$H$30<=EOMONTH($A5,0))*(((הוצאות!$I$5:$I$30="")+(הוצאות!$I$5:$I$30>=$A5))>0)*הוצאות!$M$5:$M$30) -> 162.8 | I5: =B5*SUMPRODUCT((הוצאות!$F$5:$F$30="לכל לקוח")*(הוצאות!$G$5:$G$30<>"בוטל")*(הוצאות!$E$5:$E$30<>"חד-פעמי")*(הוצאות!$H$5:$H$30<=EOMONTH($A5,0))*(((הוצאות!$I$5:$I$30="")+(הוצאות!$I$5:$I$30>=$A5))>0)*הוצאות!$M$5:$M$30) -> 0 | J5: =SUMPRODUCT((הוצאות!$E$5:$E$30="חד-פעמי")*(הוצאות!$G$5:$G$30<>"בוטל")*(הוצאות!$H$5:$H$30>=$A5)*(הוצאות!$H$5:$H$30<=EOMONTH($A5,0))*הוצאות!$L$5:$L$30) -> 37 | K5: =H5+I5+J5 -> 199.8 | L5: =G5-K5 -> 800.2 | M5: =L5 -> 800.2 | N5: =IF(G5=0,0,L5/G5) -> 0.8002 | O5: =SUMPRODUCT((YEAR($A$5:$A$19)=YEAR($A5))*($A$5:$A$19<=$A5)*$G$5:$G$19) -> 1000 | P5: =O5/הגדרות!$B$10 -> 0.0083333333 | Q5: =IF(D5=0,0,הגדרות!$B$7+(D5-1)*הגדרות!$B$8)-הגדרות!$B$15-D5*הגדרות!$B$14 -> 90.5 | R5: =IF(D5=0,"",IF(B5>=D5,"✅ עמדנו ביעד","⏳ חסרים "&(D5-B5))) -> ⏳ חסרים 1
A6: 46327 | B6: =COUNTIFS(לקוחות!$G$5:$G$40,"<>ליד",לקוחות!$H$5:$H$40,"<="&EOMONTH($A6,0))-COUNTIFS(לקוחות!$G$5:$G$40,"<>ליד",לקוחות!$I$5:$I$40,"<"&$A6) -> 1 | C6: =COUNTIFS(לקוחות!$G$5:$G$40,"<>ליד",לקוחות!$H$5:$H$40,">="&$A6,לקוחות!$H$5:$H$40,"<="&EOMONTH($A6,0)) -> 1 | D6: 1 | E6: =SUMIFS(לקוחות!$J$5:$J$40,לקוחות!$G$5:$G$40,"<>ליד",לקוחות!$H$5:$H$40,"<="&EOMONTH($A6,0))-SUMIFS(לקוחות!$J$5:$J$40,לקוחות!$G$5:$G$40,"<>ליד",לקוחות!$I$5:$I$40,"<"&$A6) -> 500 | F6: =SUMIFS(לקוחות!$L$5:$L$40,לקוחות!$M$5:$M$40,">="&$A6,לקוחות!$M$5:$M$40,"<="&EOMONTH($A6,0))+SUMIFS(לקוחות!$N$5:$N$40,לקוחות!$O$5:$O$40,">="&$A6,לקוחות!$O$5:$O$40,"<="&EOMONTH($A6,0)) -> 0 | G6: =E6+F6 -> 500 | H6: =SUMPRODUCT((הוצאות!$F$5:$F$30="קבוע")*(הוצאות!$G$5:$G$30<>"בוטל")*(הוצאות!$E$5:$E$30<>"חד-פעמי")*(הוצאות!$H$5:$H$30<=EOMONTH($A6,0))*(((הוצאות!$I$5:$I$30="")+(הוצאות!$I$5:$I$30>=$A6))>0)*הוצאות!$M$5:$M$30) -> 162.8 | I6: =B6*SUMPRODUCT((הוצאות!$F$5:$F$30="לכל לקוח")*(הוצאות!$G$5:$G$30<>"בוטל")*(הוצאות!$E$5:$E$30<>"חד-פעמי")*(הוצאות!$H$5:$H$30<=EOMONTH($A6,0))*(((הוצאות!$I$5:$I$30="")+(הוצאות!$I$5:$I$30>=$A6))>0)*הוצאות!$M$5:$M$30) -> 246.7 | J6: =SUMPRODUCT((הוצאות!$E$5:$E$30="חד-פעמי")*(הוצאות!$G$5:$G$30<>"בוטל")*(הוצאות!$H$5:$H$30>=$A6)*(הוצאות!$H$5:$H$30<=EOMONTH($A6,0))*הוצאות!$L$5:$L$30) -> 0 | K6: =H6+I6+J6 -> 409.5 | L6: =G6-K6 -> 90.5 | M6: =M5+L6 -> 890.7 | N6: =IF(G6=0,0,L6/G6) -> 0.181 | O6: =SUMPRODUCT((YEAR($A$5:$A$19)=YEAR($A6))*($A$5:$A$19<=$A6)*$G$5:$G$19) -> 1500 | P6: =O6/הגדרות!$B$10 -> 0.0125 | Q6: =IF(D6=0,0,הגדרות!$B$7+(D6-1)*הגדרות!$B$8)-הגדרות!$B$15-D6*הגדרות!$B$14 -> 90.5 | R6: =IF(D6=0,"",IF(B6>=D6,"✅ עמדנו ביעד","⏳ חסרים "&(D6-B6))) -> ✅ עמדנו ביעד
A7: 46357 | B7: =COUNTIFS(לקוחות!$G$5:$G$40,"<>ליד",לקוחות!$H$5:$H$40,"<="&EOMONTH($A7,0))-COUNTIFS(לקוחות!$G$5:$G$40,"<>ליד",לקוחות!$I$5:$I$40,"<"&$A7) -> 1 | C7: =COUNTIFS(לקוחות!$G$5:$G$40,"<>ליד",לקוחות!$H$5:$H$40,">="&$A7,לקוחות!$H$5:$H$40,"<="&EOMONTH($A7,0)) -> 0 | D7: 2 | E7: =SUMIFS(לקוחות!$J$5:$J$40,לקוחות!$G$5:$G$40,"<>ליד",לקוחות!$H$5:$H$40,"<="&EOMONTH($A7,0))-SUMIFS(לקוחות!$J$5:$J$40,לקוחות!$G$5:$G$40,"<>ליד",לקוחות!$I$5:$I$40,"<"&$A7) -> 500 | F7: =SUMIFS(לקוחות!$L$5:$L$40,לקוחות!$M$5:$M$40,">="&$A7,לקוחות!$M$5:$M$40,"<="&EOMONTH($A7,0))+SUMIFS(לקוחות!$N$5:$N$40,לקוחות!$O$5:$O$40,">="&$A7,לקוחות!$O$5:$O$40,"<="&EOMONTH($A7,0)) -> 0 | G7: =E7+F7 -> 500 | H7: =SUMPRODUCT((הוצאות!$F$5:$F$30="קבוע")*(הוצאות!$G$5:$G$30<>"בוטל")*(הוצאות!$E$5:$E$30<>"חד-פעמי")*(הוצאות!$H$5:$H$30<=EOMONTH($A7,0))*(((הוצאות!$I$5:$I$30="")+(הוצאות!$I$5:$I$30>=$A7))>0)*הוצאות!$M$5:$M$30) -> 162.8 | I7: =B7*SUMPRODUCT((הוצאות!$F$5:$F$30="לכל לקוח")*(הוצאות!$G$5:$G$30<>"בוטל")*(הוצאות!$E$5:$E$30<>"חד-פעמי")*(הוצאות!$H$5:$H$30<=EOMONTH($A7,0))*(((הוצאות!$I$5:$I$30="")+(הוצאות!$I$5:$I$30>=$A7))>0)*הוצאות!$M$5:$M$30) -> 246.7 | J7: =SUMPRODUCT((הוצאות!$E$5:$E$30="חד-פעמי")*(הוצאות!$G$5:$G$30<>"בוטל")*(הוצאות!$H$5:$H$30>=$A7)*(הוצאות!$H$5:$H$30<=EOMONTH($A7,0))*הוצאות!$L$5:$L$30) -> 0 | K7: =H7+I7+J7 -> 409.5 | L7: =G7-K7 -> 90.5 | M7: =M6+L7 -> 981.2 | N7: =IF(G7=0,0,L7/G7) -> 0.181 | O7: =SUMPRODUCT((YEAR($A$5:$A$19)=YEAR($A7))*($A$5:$A$19<=$A7)*$G$5:$G$19) -> 2000 | P7: =O7/הגדרות!$B$10 -> 0.016666667 | Q7: =IF(D7=0,0,הגדרות!$B$7+(D7-1)*הגדרות!$B$8)-הגדרות!$B$15-D7*הגדרות!$B$14 -> 433.8 | R7: =IF(D7=0,"",IF(B7>=D7,"✅ עמדנו ביעד","⏳ חסרים "&(D7-B7))) -> ⏳ חסרים 1
A8: 46388 | B8: =COUNTIFS(לקוחות!$G$5:$G$40,"<>ליד",לקוחות!$H$5:$H$40,"<="&EOMONTH($A8,0))-COUNTIFS(לקוחות!$G$5:$G$40,"<>ליד",לקוחות!$I$5:$I$40,"<"&$A8) -> 1 | C8: =COUNTIFS(לקוחות!$G$5:$G$40,"<>ליד",לקוחות!$H$5:$H$40,">="&$A8,לקוחות!$H$5:$H$40,"<="&EOMONTH($A8,0)) -> 0 | D8: 3 | E8: =SUMIFS(לקוחות!$J$5:$J$40,לקוחות!$G$5:$G$40,"<>ליד",לקוחות!$H$5:$H$40,"<="&EOMONTH($A8,0))-SUMIFS(לקוחות!$J$5:$J$40,לקוחות!$G$5:$G$40,"<>ליד",לקוחות!$I$5:$I$40,"<"&$A8) -> 500 | F8: =SUMIFS(לקוחות!$L$5:$L$40,לקוחות!$M$5:$M$40,">="&$A8,לקוחות!$M$5:$M$40,"<="&EOMONTH($A8,0))+SUMIFS(לקוחות!$N$5:$N$40,לקוחות!$O$5:$O$40,">="&$A8,לקוחות!$O$5:$O$40,"<="&EOMONTH($A8,0)) -> 0 | G8: =E8+F8 -> 500 | H8: =SUMPRODUCT((הוצאות!$F$5:$F$30="קבוע")*(הוצאות!$G$5:$G$30<>"בוטל")*(הוצאות!$E$5:$E$30<>"חד-פעמי")*(הוצאות!$H$5:$H$30<=EOMONTH($A8,0))*(((הוצאות!$I$5:$I$30="")+(הוצאות!$I$5:$I$30>=$A8))>0)*הוצאות!$M$5:$M$30) -> 162.8 | I8: =B8*SUMPRODUCT((הוצאות!$F$5:$F$30="לכל לקוח")*(הוצאות!$G$5:$G$30<>"בוטל")*(הוצאות!$E$5:$E$30<>"חד-פעמי")*(הוצאות!$H$5:$H$30<=EOMONTH($A8,0))*(((הוצאות!$I$5:$I$30="")+(הוצאות!$I$5:$I$30>=$A8))>0)*הוצאות!$M$5:$M$30) -> 246.7 | J8: =SUMPRODUCT((הוצאות!$E$5:$E$30="חד-פעמי")*(הוצאות!$G$5:$G$30<>"בוטל")*(הוצאות!$H$5:$H$30>=$A8)*(הוצאות!$H$5:$H$30<=EOMONTH($A8,0))*הוצאות!$L$5:$L$30) -> 0 | K8: =H8+I8+J8 -> 409.5 | L8: =G8-K8 -> 90.5 | M8: =M7+L8 -> 1071.7 | N8: =IF(G8=0,0,L8/G8) -> 0.181 | O8: =SUMPRODUCT((YEAR($A$5:$A$19)=YEAR($A8))*($A$5:$A$19<=$A8)*$G$5:$G$19) -> 500 | P8: =O8/הגדרות!$B$10 -> 0.0041666667 | Q8: =IF(D8=0,0,הגדרות!$B$7+(D8-1)*הגדרות!$B$8)-הגדרות!$B$15-D8*הגדרות!$B$14 -> 777.1 | R8: =IF(D8=0,"",IF(B8>=D8,"✅ עמדנו ביעד","⏳ חסרים "&(D8-B8))) -> ⏳ חסרים 2
A9: 46419 | B9: =COUNTIFS(לקוחות!$G$5:$G$40,"<>ליד",לקוחות!$H$5:$H$40,"<="&EOMONTH($A9,0))-COUNTIFS(לקוחות!$G$5:$G$40,"<>ליד",לקוחות!$I$5:$I$40,"<"&$A9) -> 1 | C9: =COUNTIFS(לקוחות!$G$5:$G$40,"<>ליד",לקוחות!$H$5:$H$40,">="&$A9,לקוחות!$H$5:$H$40,"<="&EOMONTH($A9,0)) -> 0 | D9: 3 | E9: =SUMIFS(לקוחות!$J$5:$J$40,לקוחות!$G$5:$G$40,"<>ליד",לקוחות!$H$5:$H$40,"<="&EOMONTH($A9,0))-SUMIFS(לקוחות!$J$5:$J$40,לקוחות!$G$5:$G$40,"<>ליד",לקוחות!$I$5:$I$40,"<"&$A9) -> 500 | F9: =SUMIFS(לקוחות!$L$5:$L$40,לקוחות!$M$5:$M$40,">="&$A9,לקוחות!$M$5:$M$40,"<="&EOMONTH($A9,0))+SUMIFS(לקוחות!$N$5:$N$40,לקוחות!$O$5:$O$40,">="&$A9,לקוחות!$O$5:$O$40,"<="&EOMONTH($A9,0)) -> 0 | G9: =E9+F9 -> 500 | H9: =SUMPRODUCT((הוצאות!$F$5:$F$30="קבוע")*(הוצאות!$G$5:$G$30<>"בוטל")*(הוצאות!$E$5:$E$30<>"חד-פעמי")*(הוצאות!$H$5:$H$30<=EOMONTH($A9,0))*(((הוצאות!$I$5:$I$30="")+(הוצאות!$I$5:$I$30>=$A9))>0)*הוצאות!$M$5:$M$30) -> 162.8 | I9: =B9*SUMPRODUCT((הוצאות!$F$5:$F$30="לכל לקוח")*(הוצאות!$G$5:$G$30<>"בוטל")*(הוצאות!$E$5:$E$30<>"חד-פעמי")*(הוצאות!$H$5:$H$30<=EOMONTH($A9,0))*(((הוצאות!$I$5:$I$30="")+(הוצאות!$I$5:$I$30>=$A9))>0)*הוצאות!$M$5:$M$30) -> 246.7 | J9: =SUMPRODUCT((הוצאות!$E$5:$E$30="חד-פעמי")*(הוצאות!$G$5:$G$30<>"בוטל")*(הוצאות!$H$5:$H$30>=$A9)*(הוצאות!$H$5:$H$30<=EOMONTH($A9,0))*הוצאות!$L$5:$L$30) -> 0 | K9: =H9+I9+J9 -> 409.5 | L9: =G9-K9 -> 90.5 | M9: =M8+L9 -> 1162.2 | N9: =IF(G9=0,0,L9/G9) -> 0.181 | O9: =SUMPRODUCT((YEAR($A$5:$A$19)=YEAR($A9))*($A$5:$A$19<=$A9)*$G$5:$G$19) -> 1000 | P9: =O9/הגדרות!$B$10 -> 0.0083333333 | Q9: =IF(D9=0,0,הגדרות!$B$7+(D9-1)*הגדרות!$B$8)-הגדרות!$B$15-D9*הגדרות!$B$14 -> 777.1 | R9: =IF(D9=0,"",IF(B9>=D9,"✅ עמדנו ביעד","⏳ חסרים "&(D9-B9))) -> ⏳ חסרים 2
A10: 46447 | B10: =COUNTIFS(לקוחות!$G$5:$G$40,"<>ליד",לקוחות!$H$5:$H$40,"<="&EOMONTH($A10,0))-COUNTIFS(לקוחות!$G$5:$G$40,"<>ליד",לקוחות!$I$5:$I$40,"<"&$A10) -> 1 | C10: =COUNTIFS(לקוחות!$G$5:$G$40,"<>ליד",לקוחות!$H$5:$H$40,">="&$A10,לקוחות!$H$5:$H$40,"<="&EOMONTH($A10,0)) -> 0 | D10: 4 | E10: =SUMIFS(לקוחות!$J$5:$J$40,לקוחות!$G$5:$G$40,"<>ליד",לקוחות!$H$5:$H$40,"<="&EOMONTH($A10,0))-SUMIFS(לקוחות!$J$5:$J$40,לקוחות!$G$5:$G$40,"<>ליד",לקוחות!$I$5:$I$40,"<"&$A10) -> 500 | F10: =SUMIFS(לקוחות!$L$5:$L$40,לקוחות!$M$5:$M$40,">="&$A10,לקוחות!$M$5:$M$40,"<="&EOMONTH($A10,0))+SUMIFS(לקוחות!$N$5:$N$40,לקוחות!$O$5:$O$40,">="&$A10,לקוחות!$O$5:$O$40,"<="&EOMONTH($A10,0)) -> 0 | G10: =E10+F10 -> 500 | H10: =SUMPRODUCT((הוצאות!$F$5:$F$30="קבוע")*(הוצאות!$G$5:$G$30<>"בוטל")*(הוצאות!$E$5:$E$30<>"חד-פעמי")*(הוצאות!$H$5:$H$30<=EOMONTH($A10,0))*(((הוצאות!$I$5:$I$30="")+(הוצאות!$I$5:$I$30>=$A10))>0)*הוצאות!$M$5:$M$30) -> 162.8 | I10: =B10*SUMPRODUCT((הוצאות!$F$5:$F$30="לכל לקוח")*(הוצאות!$G$5:$G$30<>"בוטל")*(הוצאות!$E$5:$E$30<>"חד-פעמי")*(הוצאות!$H$5:$H$30<=EOMONTH($A10,0))*(((הוצאות!$I$5:$I$30="")+(הוצאות!$I$5:$I$30>=$A10))>0)*הוצאות!$M$5:$M$30) -> 246.7 | J10: =SUMPRODUCT((הוצאות!$E$5:$E$30="חד-פעמי")*(הוצאות!$G$5:$G$30<>"בוטל")*(הוצאות!$H$5:$H$30>=$A10)*(הוצאות!$H$5:$H$30<=EOMONTH($A10,0))*הוצאות!$L$5:$L$30) -> 0 | K10: =H10+I10+J10 -> 409.5 | L10: =G10-K10 -> 90.5 | M10: =M9+L10 -> 1252.7 | N10: =IF(G10=0,0,L10/G10) -> 0.181 | O10: =SUMPRODUCT((YEAR($A$5:$A$19)=YEAR($A10))*($A$5:$A$19<=$A10)*$G$5:$G$19) -> 1500 | P10: =O10/הגדרות!$B$10 -> 0.0125 | Q10: =IF(D10=0,0,הגדרות!$B$7+(D10-1)*הגדרות!$B$8)-הגדרות!$B$15-D10*הגדרות!$B$14 -> 1120.4 | R10: =IF(D10=0,"",IF(B10>=D10,"✅ עמדנו ביעד","⏳ חסרים "&(D10-B10))) -> ⏳ חסרים 3
A11: 46478 | B11: =COUNTIFS(לקוחות!$G$5:$G$40,"<>ליד",לקוחות!$H$5:$H$40,"<="&EOMONTH($A11,0))-COUNTIFS(לקוחות!$G$5:$G$40,"<>ליד",לקוחות!$I$5:$I$40,"<"&$A11) -> 1 | C11: =COUNTIFS(לקוחות!$G$5:$G$40,"<>ליד",לקוחות!$H$5:$H$40,">="&$A11,לקוחות!$H$5:$H$40,"<="&EOMONTH($A11,0)) -> 0 | D11: 5 | E11: =SUMIFS(לקוחות!$J$5:$J$40,לקוחות!$G$5:$G$40,"<>ליד",לקוחות!$H$5:$H$40,"<="&EOMONTH($A11,0))-SUMIFS(לקוחות!$J$5:$J$40,לקוחות!$G$5:$G$40,"<>ליד",לקוחות!$I$5:$I$40,"<"&$A11) -> 500 | F11: =SUMIFS(לקוחות!$L$5:$L$40,לקוחות!$M$5:$M$40,">="&$A11,לקוחות!$M$5:$M$40,"<="&EOMONTH($A11,0))+SUMIFS(לקוחות!$N$5:$N$40,לקוחות!$O$5:$O$40,">="&$A11,לקוחות!$O$5:$O$40,"<="&EOMONTH($A11,0)) -> 0 | G11: =E11+F11 -> 500 | H11: =SUMPRODUCT((הוצאות!$F$5:$F$30="קבוע")*(הוצאות!$G$5:$G$30<>"בוטל")*(הוצאות!$E$5:$E$30<>"חד-פעמי")*(הוצאות!$H$5:$H$30<=EOMONTH($A11,0))*(((הוצאות!$I$5:$I$30="")+(הוצאות!$I$5:$I$30>=$A11))>0)*הוצאות!$M$5:$M$30) -> 162.8 | I11: =B11*SUMPRODUCT((הוצאות!$F$5:$F$30="לכל לקוח")*(הוצאות!$G$5:$G$30<>"בוטל")*(הוצאות!$E$5:$E$30<>"חד-פעמי")*(הוצאות!$H$5:$H$30<=EOMONTH($A11,0))*(((הוצאות!$I$5:$I$30="")+(הוצאות!$I$5:$I$30>=$A11))>0)*הוצאות!$M$5:$M$30) -> 246.7 | J11: =SUMPRODUCT((הוצאות!$E$5:$E$30="חד-פעמי")*(הוצאות!$G$5:$G$30<>"בוטל")*(הוצאות!$H$5:$H$30>=$A11)*(הוצאות!$H$5:$H$30<=EOMONTH($A11,0))*הוצאות!$L$5:$L$30) -> 0 | K11: =H11+I11+J11 -> 409.5 | L11: =G11-K11 -> 90.5 | M11: =M10+L11 -> 1343.2 | N11: =IF(G11=0,0,L11/G11) -> 0.181 | O11: =SUMPRODUCT((YEAR($A$5:$A$19)=YEAR($A11))*($A$5:$A$19<=$A11)*$G$5:$G$19) -> 2000 | P11: =O11/הגדרות!$B$10 -> 0.016666667 | Q11: =IF(D11=0,0,הגדרות!$B$7+(D11-1)*הגדרות!$B$8)-הגדרות!$B$15-D11*הגדרות!$B$14 -> 1463.7 | R11: =IF(D11=0,"",IF(B11>=D11,"✅ עמדנו ביעד","⏳ חסרים "&(D11-B11))) -> ⏳ חסרים 4
A12: 46508 | B12: =COUNTIFS(לקוחות!$G$5:$G$40,"<>ליד",לקוחות!$H$5:$H$40,"<="&EOMONTH($A12,0))-COUNTIFS(לקוחות!$G$5:$G$40,"<>ליד",לקוחות!$I$5:$I$40,"<"&$A12) -> 1 | C12: =COUNTIFS(לקוחות!$G$5:$G$40,"<>ליד",לקוחות!$H$5:$H$40,">="&$A12,לקוחות!$H$5:$H$40,"<="&EOMONTH($A12,0)) -> 0 | D12: 5 | E12: =SUMIFS(לקוחות!$J$5:$J$40,לקוחות!$G$5:$G$40,"<>ליד",לקוחות!$H$5:$H$40,"<="&EOMONTH($A12,0))-SUMIFS(לקוחות!$J$5:$J$40,לקוחות!$G$5:$G$40,"<>ליד",לקוחות!$I$5:$I$40,"<"&$A12) -> 500 | F12: =SUMIFS(לקוחות!$L$5:$L$40,לקוחות!$M$5:$M$40,">="&$A12,לקוחות!$M$5:$M$40,"<="&EOMONTH($A12,0))+SUMIFS(לקוחות!$N$5:$N$40,לקוחות!$O$5:$O$40,">="&$A12,לקוחות!$O$5:$O$40,"<="&EOMONTH($A12,0)) -> 0 | G12: =E12+F12 -> 500 | H12: =SUMPRODUCT((הוצאות!$F$5:$F$30="קבוע")*(הוצאות!$G$5:$G$30<>"בוטל")*(הוצאות!$E$5:$E$30<>"חד-פעמי")*(הוצאות!$H$5:$H$30<=EOMONTH($A12,0))*(((הוצאות!$I$5:$I$30="")+(הוצאות!$I$5:$I$30>=$A12))>0)*הוצאות!$M$5:$M$30) -> 162.8 | I12: =B12*SUMPRODUCT((הוצאות!$F$5:$F$30="לכל לקוח")*(הוצאות!$G$5:$G$30<>"בוטל")*(הוצאות!$E$5:$E$30<>"חד-פעמי")*(הוצאות!$H$5:$H$30<=EOMONTH($A12,0))*(((הוצאות!$I$5:$I$30="")+(הוצאות!$I$5:$I$30>=$A12))>0)*הוצאות!$M$5:$M$30) -> 246.7 | J12: =SUMPRODUCT((הוצאות!$E$5:$E$30="חד-פעמי")*(הוצאות!$G$5:$G$30<>"בוטל")*(הוצאות!$H$5:$H$30>=$A12)*(הוצאות!$H$5:$H$30<=EOMONTH($A12,0))*הוצאות!$L$5:$L$30) -> 0 | K12: =H12+I12+J12 -> 409.5 | L12: =G12-K12 -> 90.5 | M12: =M11+L12 -> 1433.7 | N12: =IF(G12=0,0,L12/G12) -> 0.181 | O12: =SUMPRODUCT((YEAR($A$5:$A$19)=YEAR($A12))*($A$5:$A$19<=$A12)*$G$5:$G$19) -> 2500 | P12: =O12/הגדרות!$B$10 -> 0.020833333 | Q12: =IF(D12=0,0,הגדרות!$B$7+(D12-1)*הגדרות!$B$8)-הגדרות!$B$15-D12*הגדרות!$B$14 -> 1463.7 | R12: =IF(D12=0,"",IF(B12>=D12,"✅ עמדנו ביעד","⏳ חסרים "&(D12-B12))) -> ⏳ חסרים 4
A13: 46539 | B13: =COUNTIFS(לקוחות!$G$5:$G$40,"<>ליד",לקוחות!$H$5:$H$40,"<="&EOMONTH($A13,0))-COUNTIFS(לקוחות!$G$5:$G$40,"<>ליד",לקוחות!$I$5:$I$40,"<"&$A13) -> 1 | C13: =COUNTIFS(לקוחות!$G$5:$G$40,"<>ליד",לקוחות!$H$5:$H$40,">="&$A13,לקוחות!$H$5:$H$40,"<="&EOMONTH($A13,0)) -> 0 | D13: 6 | E13: =SUMIFS(לקוחות!$J$5:$J$40,לקוחות!$G$5:$G$40,"<>ליד",לקוחות!$H$5:$H$40,"<="&EOMONTH($A13,0))-SUMIFS(לקוחות!$J$5:$J$40,לקוחות!$G$5:$G$40,"<>ליד",לקוחות!$I$5:$I$40,"<"&$A13) -> 500 | F13: =SUMIFS(לקוחות!$L$5:$L$40,לקוחות!$M$5:$M$40,">="&$A13,לקוחות!$M$5:$M$40,"<="&EOMONTH($A13,0))+SUMIFS(לקוחות!$N$5:$N$40,לקוחות!$O$5:$O$40,">="&$A13,לקוחות!$O$5:$O$40,"<="&EOMONTH($A13,0)) -> 0 | G13: =E13+F13 -> 500 | H13: =SUMPRODUCT((הוצאות!$F$5:$F$30="קבוע")*(הוצאות!$G$5:$G$30<>"בוטל")*(הוצאות!$E$5:$E$30<>"חד-פעמי")*(הוצאות!$H$5:$H$30<=EOMONTH($A13,0))*(((הוצאות!$I$5:$I$30="")+(הוצאות!$I$5:$I$30>=$A13))>0)*הוצאות!$M$5:$M$30) -> 162.8 | I13: =B13*SUMPRODUCT((הוצאות!$F$5:$F$30="לכל לקוח")*(הוצאות!$G$5:$G$30<>"בוטל")*(הוצאות!$E$5:$E$30<>"חד-פעמי")*(הוצאות!$H$5:$H$30<=EOMONTH($A13,0))*(((הוצאות!$I$5:$I$30="")+(הוצאות!$I$5:$I$30>=$A13))>0)*הוצאות!$M$5:$M$30) -> 246.7 | J13: =SUMPRODUCT((הוצאות!$E$5:$E$30="חד-פעמי")*(הוצאות!$G$5:$G$30<>"בוטל")*(הוצאות!$H$5:$H$30>=$A13)*(הוצאות!$H$5:$H$30<=EOMONTH($A13,0))*הוצאות!$L$5:$L$30) -> 0 | K13: =H13+I13+J13 -> 409.5 | L13: =G13-K13 -> 90.5 | M13: =M12+L13 -> 1524.2 | N13: =IF(G13=0,0,L13/G13) -> 0.181 | O13: =SUMPRODUCT((YEAR($A$5:$A$19)=YEAR($A13))*($A$5:$A$19<=$A13)*$G$5:$G$19) -> 3000 | P13: =O13/הגדרות!$B$10 -> 0.025 | Q13: =IF(D13=0,0,הגדרות!$B$7+(D13-1)*הגדרות!$B$8)-הגדרות!$B$15-D13*הגדרות!$B$14 -> 1807 | R13: =IF(D13=0,"",IF(B13>=D13,"✅ עמדנו ביעד","⏳ חסרים "&(D13-B13))) -> ⏳ חסרים 5
A14: 46569 | B14: =COUNTIFS(לקוחות!$G$5:$G$40,"<>ליד",לקוחות!$H$5:$H$40,"<="&EOMONTH($A14,0))-COUNTIFS(לקוחות!$G$5:$G$40,"<>ליד",לקוחות!$I$5:$I$40,"<"&$A14) -> 1 | C14: =COUNTIFS(לקוחות!$G$5:$G$40,"<>ליד",לקוחות!$H$5:$H$40,">="&$A14,לקוחות!$H$5:$H$40,"<="&EOMONTH($A14,0)) -> 0 | D14: 7 | E14: =SUMIFS(לקוחות!$J$5:$J$40,לקוחות!$G$5:$G$40,"<>ליד",לקוחות!$H$5:$H$40,"<="&EOMONTH($A14,0))-SUMIFS(לקוחות!$J$5:$J$40,לקוחות!$G$5:$G$40,"<>ליד",לקוחות!$I$5:$I$40,"<"&$A14) -> 500 | F14: =SUMIFS(לקוחות!$L$5:$L$40,לקוחות!$M$5:$M$40,">="&$A14,לקוחות!$M$5:$M$40,"<="&EOMONTH($A14,0))+SUMIFS(לקוחות!$N$5:$N$40,לקוחות!$O$5:$O$40,">="&$A14,לקוחות!$O$5:$O$40,"<="&EOMONTH($A14,0)) -> 0 | G14: =E14+F14 -> 500 | H14: =SUMPRODUCT((הוצאות!$F$5:$F$30="קבוע")*(הוצאות!$G$5:$G$30<>"בוטל")*(הוצאות!$E$5:$E$30<>"חד-פעמי")*(הוצאות!$H$5:$H$30<=EOMONTH($A14,0))*(((הוצאות!$I$5:$I$30="")+(הוצאות!$I$5:$I$30>=$A14))>0)*הוצאות!$M$5:$M$30) -> 162.8 | I14: =B14*SUMPRODUCT((הוצאות!$F$5:$F$30="לכל לקוח")*(הוצאות!$G$5:$G$30<>"בוטל")*(הוצאות!$E$5:$E$30<>"חד-פעמי")*(הוצאות!$H$5:$H$30<=EOMONTH($A14,0))*(((הוצאות!$I$5:$I$30="")+(הוצאות!$I$5:$I$30>=$A14))>0)*הוצאות!$M$5:$M$30) -> 246.7 | J14: =SUMPRODUCT((הוצאות!$E$5:$E$30="חד-פעמי")*(הוצאות!$G$5:$G$30<>"בוטל")*(הוצאות!$H$5:$H$30>=$A14)*(הוצאות!$H$5:$H$30<=EOMONTH($A14,0))*הוצאות!$L$5:$L$30) -> 0 | K14: =H14+I14+J14 -> 409.5 | L14: =G14-K14 -> 90.5 | M14: =M13+L14 -> 1614.7 | N14: =IF(G14=0,0,L14/G14) -> 0.181 | O14: =SUMPRODUCT((YEAR($A$5:$A$19)=YEAR($A14))*($A$5:$A$19<=$A14)*$G$5:$G$19) -> 3500 | P14: =O14/הגדרות!$B$10 -> 0.029166667 | Q14: =IF(D14=0,0,הגדרות!$B$7+(D14-1)*הגדרות!$B$8)-הגדרות!$B$15-D14*הגדרות!$B$14 -> 2150.3 | R14: =IF(D14=0,"",IF(B14>=D14,"✅ עמדנו ביעד","⏳ חסרים "&(D14-B14))) -> ⏳ חסרים 6
A15: 46600 | B15: =COUNTIFS(לקוחות!$G$5:$G$40,"<>ליד",לקוחות!$H$5:$H$40,"<="&EOMONTH($A15,0))-COUNTIFS(לקוחות!$G$5:$G$40,"<>ליד",לקוחות!$I$5:$I$40,"<"&$A15) -> 1 | C15: =COUNTIFS(לקוחות!$G$5:$G$40,"<>ליד",לקוחות!$H$5:$H$40,">="&$A15,לקוחות!$H$5:$H$40,"<="&EOMONTH($A15,0)) -> 0 | D15: 7 | E15: =SUMIFS(לקוחות!$J$5:$J$40,לקוחות!$G$5:$G$40,"<>ליד",לקוחות!$H$5:$H$40,"<="&EOMONTH($A15,0))-SUMIFS(לקוחות!$J$5:$J$40,לקוחות!$G$5:$G$40,"<>ליד",לקוחות!$I$5:$I$40,"<"&$A15) -> 500 | F15: =SUMIFS(לקוחות!$L$5:$L$40,לקוחות!$M$5:$M$40,">="&$A15,לקוחות!$M$5:$M$40,"<="&EOMONTH($A15,0))+SUMIFS(לקוחות!$N$5:$N$40,לקוחות!$O$5:$O$40,">="&$A15,לקוחות!$O$5:$O$40,"<="&EOMONTH($A15,0)) -> 0 | G15: =E15+F15 -> 500 | H15: =SUMPRODUCT((הוצאות!$F$5:$F$30="קבוע")*(הוצאות!$G$5:$G$30<>"בוטל")*(הוצאות!$E$5:$E$30<>"חד-פעמי")*(הוצאות!$H$5:$H$30<=EOMONTH($A15,0))*(((הוצאות!$I$5:$I$30="")+(הוצאות!$I$5:$I$30>=$A15))>0)*הוצאות!$M$5:$M$30) -> 162.8 | I15: =B15*SUMPRODUCT((הוצאות!$F$5:$F$30="לכל לקוח")*(הוצאות!$G$5:$G$30<>"בוטל")*(הוצאות!$E$5:$E$30<>"חד-פעמי")*(הוצאות!$H$5:$H$30<=EOMONTH($A15,0))*(((הוצאות!$I$5:$I$30="")+(הוצאות!$I$5:$I$30>=$A15))>0)*הוצאות!$M$5:$M$30) -> 246.7 | J15: =SUMPRODUCT((הוצאות!$E$5:$E$30="חד-פעמי")*(הוצאות!$G$5:$G$30<>"בוטל")*(הוצאות!$H$5:$H$30>=$A15)*(הוצאות!$H$5:$H$30<=EOMONTH($A15,0))*הוצאות!$L$5:$L$30) -> 0 | K15: =H15+I15+J15 -> 409.5 | L15: =G15-K15 -> 90.5 | M15: =M14+L15 -> 1705.2 | N15: =IF(G15=0,0,L15/G15) -> 0.181 | O15: =SUMPRODUCT((YEAR($A$5:$A$19)=YEAR($A15))*($A$5:$A$19<=$A15)*$G$5:$G$19) -> 4000 | P15: =O15/הגדרות!$B$10 -> 0.033333333 | Q15: =IF(D15=0,0,הגדרות!$B$7+(D15-1)*הגדרות!$B$8)-הגדרות!$B$15-D15*הגדרות!$B$14 -> 2150.3 | R15: =IF(D15=0,"",IF(B15>=D15,"✅ עמדנו ביעד","⏳ חסרים "&(D15-B15))) -> ⏳ חסרים 6
A16: 46631 | B16: =COUNTIFS(לקוחות!$G$5:$G$40,"<>ליד",לקוחות!$H$5:$H$40,"<="&EOMONTH($A16,0))-COUNTIFS(לקוחות!$G$5:$G$40,"<>ליד",לקוחות!$I$5:$I$40,"<"&$A16) -> 1 | C16: =COUNTIFS(לקוחות!$G$5:$G$40,"<>ליד",לקוחות!$H$5:$H$40,">="&$A16,לקוחות!$H$5:$H$40,"<="&EOMONTH($A16,0)) -> 0 | D16: 8 | E16: =SUMIFS(לקוחות!$J$5:$J$40,לקוחות!$G$5:$G$40,"<>ליד",לקוחות!$H$5:$H$40,"<="&EOMONTH($A16,0))-SUMIFS(לקוחות!$J$5:$J$40,לקוחות!$G$5:$G$40,"<>ליד",לקוחות!$I$5:$I$40,"<"&$A16) -> 500 | F16: =SUMIFS(לקוחות!$L$5:$L$40,לקוחות!$M$5:$M$40,">="&$A16,לקוחות!$M$5:$M$40,"<="&EOMONTH($A16,0))+SUMIFS(לקוחות!$N$5:$N$40,לקוחות!$O$5:$O$40,">="&$A16,לקוחות!$O$5:$O$40,"<="&EOMONTH($A16,0)) -> 0 | G16: =E16+F16 -> 500 | H16: =SUMPRODUCT((הוצאות!$F$5:$F$30="קבוע")*(הוצאות!$G$5:$G$30<>"בוטל")*(הוצאות!$E$5:$E$30<>"חד-פעמי")*(הוצאות!$H$5:$H$30<=EOMONTH($A16,0))*(((הוצאות!$I$5:$I$30="")+(הוצאות!$I$5:$I$30>=$A16))>0)*הוצאות!$M$5:$M$30) -> 162.8 | I16: =B16*SUMPRODUCT((הוצאות!$F$5:$F$30="לכל לקוח")*(הוצאות!$G$5:$G$30<>"בוטל")*(הוצאות!$E$5:$E$30<>"חד-פעמי")*(הוצאות!$H$5:$H$30<=EOMONTH($A16,0))*(((הוצאות!$I$5:$I$30="")+(הוצאות!$I$5:$I$30>=$A16))>0)*הוצאות!$M$5:$M$30) -> 246.7 | J16: =SUMPRODUCT((הוצאות!$E$5:$E$30="חד-פעמי")*(הוצאות!$G$5:$G$30<>"בוטל")*(הוצאות!$H$5:$H$30>=$A16)*(הוצאות!$H$5:$H$30<=EOMONTH($A16,0))*הוצאות!$L$5:$L$30) -> 0 | K16: =H16+I16+J16 -> 409.5 | L16: =G16-K16 -> 90.5 | M16: =M15+L16 -> 1795.7 | N16: =IF(G16=0,0,L16/G16) -> 0.181 | O16: =SUMPRODUCT((YEAR($A$5:$A$19)=YEAR($A16))*($A$5:$A$19<=$A16)*$G$5:$G$19) -> 4500 | P16: =O16/הגדרות!$B$10 -> 0.0375 | Q16: =IF(D16=0,0,הגדרות!$B$7+(D16-1)*הגדרות!$B$8)-הגדרות!$B$15-D16*הגדרות!$B$14 -> 2493.6 | R16: =IF(D16=0,"",IF(B16>=D16,"✅ עמדנו ביעד","⏳ חסרים "&(D16-B16))) -> ⏳ חסרים 7
A17: 46661 | B17: =COUNTIFS(לקוחות!$G$5:$G$40,"<>ליד",לקוחות!$H$5:$H$40,"<="&EOMONTH($A17,0))-COUNTIFS(לקוחות!$G$5:$G$40,"<>ליד",לקוחות!$I$5:$I$40,"<"&$A17) -> 1 | C17: =COUNTIFS(לקוחות!$G$5:$G$40,"<>ליד",לקוחות!$H$5:$H$40,">="&$A17,לקוחות!$H$5:$H$40,"<="&EOMONTH($A17,0)) -> 0 | D17: 9 | E17: =SUMIFS(לקוחות!$J$5:$J$40,לקוחות!$G$5:$G$40,"<>ליד",לקוחות!$H$5:$H$40,"<="&EOMONTH($A17,0))-SUMIFS(לקוחות!$J$5:$J$40,לקוחות!$G$5:$G$40,"<>ליד",לקוחות!$I$5:$I$40,"<"&$A17) -> 500 | F17: =SUMIFS(לקוחות!$L$5:$L$40,לקוחות!$M$5:$M$40,">="&$A17,לקוחות!$M$5:$M$40,"<="&EOMONTH($A17,0))+SUMIFS(לקוחות!$N$5:$N$40,לקוחות!$O$5:$O$40,">="&$A17,לקוחות!$O$5:$O$40,"<="&EOMONTH($A17,0)) -> 0 | G17: =E17+F17 -> 500 | H17: =SUMPRODUCT((הוצאות!$F$5:$F$30="קבוע")*(הוצאות!$G$5:$G$30<>"בוטל")*(הוצאות!$E$5:$E$30<>"חד-פעמי")*(הוצאות!$H$5:$H$30<=EOMONTH($A17,0))*(((הוצאות!$I$5:$I$30="")+(הוצאות!$I$5:$I$30>=$A17))>0)*הוצאות!$M$5:$M$30) -> 162.8 | I17: =B17*SUMPRODUCT((הוצאות!$F$5:$F$30="לכל לקוח")*(הוצאות!$G$5:$G$30<>"בוטל")*(הוצאות!$E$5:$E$30<>"חד-פעמי")*(הוצאות!$H$5:$H$30<=EOMONTH($A17,0))*(((הוצאות!$I$5:$I$30="")+(הוצאות!$I$5:$I$30>=$A17))>0)*הוצאות!$M$5:$M$30) -> 246.7 | J17: =SUMPRODUCT((הוצאות!$E$5:$E$30="חד-פעמי")*(הוצאות!$G$5:$G$30<>"בוטל")*(הוצאות!$H$5:$H$30>=$A17)*(הוצאות!$H$5:$H$30<=EOMONTH($A17,0))*הוצאות!$L$5:$L$30) -> 0 | K17: =H17+I17+J17 -> 409.5 | L17: =G17-K17 -> 90.5 | M17: =M16+L17 -> 1886.2 | N17: =IF(G17=0,0,L17/G17) -> 0.181 | O17: =SUMPRODUCT((YEAR($A$5:$A$19)=YEAR($A17))*($A$5:$A$19<=$A17)*$G$5:$G$19) -> 5000 | P17: =O17/הגדרות!$B$10 -> 0.041666667 | Q17: =IF(D17=0,0,הגדרות!$B$7+(D17-1)*הגדרות!$B$8)-הגדרות!$B$15-D17*הגדרות!$B$14 -> 2836.9 | R17: =IF(D17=0,"",IF(B17>=D17,"✅ עמדנו ביעד","⏳ חסרים "&(D17-B17))) -> ⏳ חסרים 8
... A19: 46722 | B19: =COUNTIFS(לקוחות!$G$5:$G$40,"<>ליד",לקוחות!$H$5:$H$40,"<="&EOMONTH($A19,0))-COUNTIFS(לקוחות!$G$5:$G$40,"<>ליד",לקוחות!$I$5:$I$40,"<"&$A19) -> 1 | C19: =COUNTIFS(לקוחות!$G$5:$G$40,"<>ליד",לקוחות!$H$5:$H$40,">="&$A19,לקוחות!$H$5:$H$40,"<="&EOMONTH($A19,0)) -> 0 | D19: 10 | E19: =SUMIFS(לקוחות!$J$5:$J$40,לקוחות!$G$5:$G$40,"<>ליד",לקוחות!$H$5:$H$40,"<="&EOMONTH($A19,0))-SUMIFS(לקוחות!$J$5:$J$40,לקוחות!$G$5:$G$40,"<>ליד",לקוחות!$I$5:$I$40,"<"&$A19) -> 500 | F19: =SUMIFS(לקוחות!$L$5:$L$40,לקוחות!$M$5:$M$40,">="&$A19,לקוחות!$M$5:$M$40,"<="&EOMONTH($A19,0))+SUMIFS(לקוחות!$N$5:$N$40,לקוחות!$O$5:$O$40,">="&$A19,לקוחות!$O$5:$O$40,"<="&EOMONTH($A19,0)) -> 0 | G19: =E19+F19 -> 500 | H19: =SUMPRODUCT((הוצאות!$F$5:$F$30="קבוע")*(הוצאות!$G$5:$G$30<>"בוטל")*(הוצאות!$E$5:$E$30<>"חד-פעמי")*(הוצאות!$H$5:$H$30<=EOMONTH($A19,0))*(((הוצאות!$I$5:$I$30="")+(הוצאות!$I$5:$I$30>=$A19))>0)*הוצאות!$M$5:$M$30) -> 162.8 | I19: =B19*SUMPRODUCT((הוצאות!$F$5:$F$30="לכל לקוח")*(הוצאות!$G$5:$G$30<>"בוטל")*(הוצאות!$E$5:$E$30<>"חד-פעמי")*(הוצאות!$H$5:$H$30<=EOMONTH($A19,0))*(((הוצאות!$I$5:$I$30="")+(הוצאות!$I$5:$I$30>=$A19))>0)*הוצאות!$M$5:$M$30) -> 246.7 | J19: =SUMPRODUCT((הוצאות!$E$5:$E$30="חד-פעמי")*(הוצאות!$G$5:$G$30<>"בוטל")*(הוצאות!$H$5:$H$30>=$A19)*(הוצאות!$H$5:$H$30<=EOMONTH($A19,0))*הוצאות!$L$5:$L$30) -> 0 | K19: =H19+I19+J19 -> 409.5 | L19: =G19-K19 -> 90.5 | M19: =M18+L19 -> 2067.2 | N19: =IF(G19=0,0,L19/G19) -> 0.181 | O19: =SUMPRODUCT((YEAR($A$5:$A$19)=YEAR($A19))*($A$5:$A$19<=$A19)*$G$5:$G$19) -> 6000 | P19: =O19/הגדרות!$B$10 -> 0.05 | Q19: =IF(D19=0,0,הגדרות!$B$7+(D19-1)*הגדרות!$B$8)-הגדרות!$B$15-D19*הגדרות!$B$14 -> 3180.2 | R19: =IF(D19=0,"",IF(B19>=D19,"✅ עמדנו ביעד","⏳ חסרים "&(D19-B19))) -> ⏳ חסרים 9
A20: סה"כ | E20: =SUM(E5:E19) -> 7000 | F20: =SUM(F5:F19) -> 1000 | G20: =SUM(G5:G19) -> 8000 | H20: =SUM(H5:H19) -> 2442 | I20: =SUM(I5:I19) -> 3453.8 | J20: =SUM(J5:J19) -> 37 | K20: =SUM(K5:K19) -> 5932.8 | L20: =SUM(L5:L19) -> 2067.2

Sheet לקוחות
A1: 👥 לקוחות
A2: כל לקוח בשורה. "מצב": ליד = עוד לא סגרנו (לא נספר בהכנסות). תאריך סיום רק אם עזב.
A4: # | B4: שם הלקוח | C4: עסק | D4: נישה | E4: עיר | F4: טלפון | G4: מצב | H4: תאריך התחלה | I4: תאריך סיום | J4: מחיר חודשי (₪) | K4: מחיר הקמה (₪) | L4: מקדמה ששולמה (₪) | M4: תאריך מקדמה | N4: יתרת הקמה ששולמה (₪) | O4: תאריך יתרה | P4: עוד לגבות (₪) | Q4: חודשים איתנו | R4: הכנסה עד היום (₪) | S4: הערות
A5: 1 | B5: חנן | C5: חנן המנעולן - פתרונות נעילה מתקדמים | D5: מנעולן | E5: נתניה | F5: 050-3429998 | G5: בהקמה | H5: 46327 | J5: 500 | K5: 2500 | L5: 1000 | M5: 46305 | P5: =IF(B5="",0,K5-L5-N5) -> 1500 | Q5: =IF(OR(H5="",G5="ליד",H5>TODAY()),0,DATEDIF(H5,IF(I5="",TODAY(),I5),"m")+1) -> 0 | R5: =IF(B5="",0,Q5*J5+L5+N5) -> 1000 | S5: הלקוח הראשון. תאריך התחלה משוער: לעדכן ביום החיבור. לגבות את היתרה ביום שהבוט עולה
A6: =IF(B6="","",ROW()-4) | P6: =IF(B6="",0,K6-L6-N6) -> 0 | Q6: =IF(OR(H6="",G6="ליד",H6>TODAY()),0,DATEDIF(H6,IF(I6="",TODAY(),I6),"m")+1) -> 0 | R6: =IF(B6="",0,Q6*J6+L6+N6) -> 0
A7: =IF(B7="","",ROW()-4) | P7: =IF(B7="",0,K7-L7-N7) -> 0 | Q7: =IF(OR(H7="",G7="ליד",H7>TODAY()),0,DATEDIF(H7,IF(I7="",TODAY(),I7),"m")+1) -> 0 | R7: =IF(B7="",0,Q7*J7+L7+N7) -> 0
A8: =IF(B8="","",ROW()-4) | P8: =IF(B8="",0,K8-L8-N8) -> 0 | Q8: =IF(OR(H8="",G8="ליד",H8>TODAY()),0,DATEDIF(H8,IF(I8="",TODAY(),I8),"m")+1) -> 0 | R8: =IF(B8="",0,Q8*J8+L8+N8) -> 0
A9: =IF(B9="","",ROW()-4) | P9: =IF(B9="",0,K9-L9-N9) -> 0 | Q9: =IF(OR(H9="",G9="ליד",H9>TODAY()),0,DATEDIF(H9,IF(I9="",TODAY(),I9),"m")+1) -> 0 | R9: =IF(B9="",0,Q9*J9+L9+N9) -> 0
A10: =IF(B10="","",ROW()-4) | P10: =IF(B10="",0,K10-L10-N10) -> 0 | Q10: =IF(OR(H10="",G10="ליד",H10>TODAY()),0,DATEDIF(H10,IF(I10="",TODAY(),I10),"m")+1) -> 0 | R10: =IF(B10="",0,Q10*J10+L10+N10) -> 0
A11: =IF(B11="","",ROW()-4) | P11: =IF(B11="",0,K11-L11-N11) -> 0 | Q11: =IF(OR(H11="",G11="ליד",H11>TODAY()),0,DATEDIF(H11,IF(I11="",TODAY(),I11),"m")+1) -> 0 | R11: =IF(B11="",0,Q11*J11+L11+N11) -> 0
A12: =IF(B12="","",ROW()-4) | P12: =IF(B12="",0,K12-L12-N12) -> 0 | Q12: =IF(OR(H12="",G12="ליד",H12>TODAY()),0,DATEDIF(H12,IF(I12="",TODAY(),I12),"m")+1) -> 0 | R12: =IF(B12="",0,Q12*J12+L12+N12) -> 0
A13: =IF(B13="","",ROW()-4) | P13: =IF(B13="",0,K13-L13-N13) -> 0 | Q13: =IF(OR(H13="",G13="ליד",H13>TODAY()),0,DATEDIF(H13,IF(I13="",TODAY(),I13),"m")+1) -> 0 | R13: =IF(B13="",0,Q13*J13+L13+N13) -> 0
A14: =IF(B14="","",ROW()-4) | P14: =IF(B14="",0,K14-L14-N14) -> 0 | Q14: =IF(OR(H14="",G14="ליד",H14>TODAY()),0,DATEDIF(H14,IF(I14="",TODAY(),I14),"m")+1) -> 0 | R14: =IF(B14="",0,Q14*J14+L14+N14) -> 0
A15: =IF(B15="","",ROW()-4) | P15: =IF(B15="",0,K15-L15-N15) -> 0 | Q15: =IF(OR(H15="",G15="ליד",H15>TODAY()),0,DATEDIF(H15,IF(I15="",TODAY(),I15),"m")+1) -> 0 | R15: =IF(B15="",0,Q15*J15+L15+N15) -> 0
A16: =IF(B16="","",ROW()-4) | P16: =IF(B16="",0,K16-L16-N16) -> 0 | Q16: =IF(OR(H16="",G16="ליד",H16>TODAY()),0,DATEDIF(H16,IF(I16="",TODAY(),I16),"m")+1) -> 0 | R16: =IF(B16="",0,Q16*J16+L16+N16) -> 0
A17: =IF(B17="","",ROW()-4) | P17: =IF(B17="",0,K17-L17-N17) -> 0 | Q17: =IF(OR(H17="",G17="ליד",H17>TODAY()),0,DATEDIF(H17,IF(I17="",TODAY(),I17),"m")+1) -> 0 | R17: =IF(B17="",0,Q17*J17+L17+N17) -> 0
... A40: =IF(B40="","",ROW()-4) | P40: =IF(B40="",0,K40-L40-N40) -> 0 | Q40: =IF(OR(H40="",G40="ליד",H40>TODAY()),0,DATEDIF(H40,IF(I40="",TODAY(),I40),"m")+1) -> 0 | R40: =IF(B40="",0,Q40*J40+L40+N40) -> 0

Sheet הוצאות
A1: 💸 הוצאות
A2: שורה לכל דבר שמשלמים עליו. "קבוע" = פעם אחת לכל הלקוחות. "לכל לקוח" = מוכפל במספר הלקוחות בכל חודש.
A4: מה | B4: קטגוריה | C4: סכום | D4: מטבע | E4: תדירות | F4: סוג | G4: מצב | H4: מתאריך | I4: עד תאריך | J4: על שם | K4: הערה | L4: בשקלים | M4: לחודש (₪)
A5: Cloudflare (השרת) | B5: שרת | C5: 5 | D5: USD | E5: חודשי | F5: קבוע | G5: פעיל | H5: 46309 | J5: מייל העסק | K5: השרת ומסד הנתונים של כל הבוטים ביחד | L5: =IF(C5="",0,C5*IF(D5="USD",הגדרות!$B$5,IF(D5="EUR",הגדרות!$B$6,1))) -> 18.5 | M5: =IF(OR(C5="",G5="בוטל"),0,IF(OR(E5="חודשי",E5="לפי שימוש"),L5,IF(E5="שנתי",L5/12,0))) -> 18.5
A6: UltraMsg (מספר הדמו והבדיקות) | B6: וואטסאפ | C6: 39 | D6: USD | E6: חודשי | F6: קבוע | G6: פעיל | H6: 46309 | J6: השותף | K6: אפשר לבטל אחרי שחנן עובר ל-360dialog, אבל אז אין מספר דמו למכירות | L6: =IF(C6="",0,C6*IF(D6="USD",הגדרות!$B$5,IF(D6="EUR",הגדרות!$B$6,1))) -> 144.3 | M6: =IF(OR(C6="",G6="בוטל"),0,IF(OR(E6="חודשי",E6="לפי שימוש"),L6,IF(E6="שנתי",L6/12,0))) -> 144.3
A7: GitHub (הקוד) | B7: כלים | C7: 0 | D7: ILS | E7: חודשי | F7: קבוע | G7: פעיל | H7: 46306 | J7: אריאל | K7: חינם | L7: =IF(C7="",0,C7*IF(D7="USD",הגדרות!$B$5,IF(D7="EUR",הגדרות!$B$6,1))) -> 0 | M7: =IF(OR(C7="",G7="בוטל"),0,IF(OR(E7="חודשי",E7="לפי שימוש"),L7,IF(E7="שנתי",L7/12,0))) -> 0
A8: Anthropic, טעינה ראשונה | B8: AI | C8: 10 | D8: USD | E8: חד-פעמי | F8: קבוע | G8: פעיל | H8: 46309 | J8: מייל העסק | K8: שולם | L8: =IF(C8="",0,C8*IF(D8="USD",הגדרות!$B$5,IF(D8="EUR",הגדרות!$B$6,1))) -> 37 | M8: =IF(OR(C8="",G8="בוטל"),0,IF(OR(E8="חודשי",E8="לפי שימוש"),L8,IF(E8="שנתי",L8/12,0))) -> 0
A9: Anthropic, שימוש (המוח) | B9: AI | C9: 11 | D9: USD | E9: לפי שימוש | F9: לכל לקוח | G9: פעיל | H9: 46309 | J9: מייל העסק | K9: הערכה ל-85 פניות בחודש, עם זיכרון זמני. טעינה אוטומטית: מ-5 ל-15 דולר | L9: =IF(C9="",0,C9*IF(D9="USD",הגדרות!$B$5,IF(D9="EUR",הגדרות!$B$6,1))) -> 40.7 | M9: =IF(OR(C9="",G9="בוטל"),0,IF(OR(E9="חודשי",E9="לפי שימוש"),L9,IF(E9="שנתי",L9/12,0))) -> 40.7
A10: 360dialog, חיבור רשמי למספר של הלקוח | B10: וואטסאפ | C10: 49 | D10: EUR | E10: חודשי | F10: לכל לקוח | G10: מתוכנן | H10: 46327 | J10: מייל העסק | K10: תאריך משוער: ביום החיבור של חנן | L10: =IF(C10="",0,C10*IF(D10="USD",הגדרות!$B$5,IF(D10="EUR",הגדרות!$B$6,1))) -> 196 | M10: =IF(OR(C10="",G10="בוטל"),0,IF(OR(E10="חודשי",E10="לפי שימוש"),L10,IF(E10="שנתי",L10/12,0))) -> 196
A11: Meta, תזכורות וביקורות | B11: וואטסאפ | C11: 10 | D11: ILS | E11: לפי שימוש | F11: לכל לקוח | G11: מתוכנן | H11: 46327 | J11: מייל העסק | K11: הערכה. אגורות להודעה | L11: =IF(C11="",0,C11*IF(D11="USD",הגדרות!$B$5,IF(D11="EUR",הגדרות!$B$6,1))) -> 10 | M11: =IF(OR(C11="",G11="בוטל"),0,IF(OR(E11="חודשי",E11="לפי שימוש"),L11,IF(E11="שנתי",L11/12,0))) -> 10
L12: =IF(C12="",0,C12*IF(D12="USD",הגדרות!$B$5,IF(D12="EUR",הגדרות!$B$6,1))) -> 0 | M12: =IF(OR(C12="",G12="בוטל"),0,IF(OR(E12="חודשי",E12="לפי שימוש"),L12,IF(E12="שנתי",L12/12,0))) -> 0
L13: =IF(C13="",0,C13*IF(D13="USD",הגדרות!$B$5,IF(D13="EUR",הגדרות!$B$6,1))) -> 0 | M13: =IF(OR(C13="",G13="בוטל"),0,IF(OR(E13="חודשי",E13="לפי שימוש"),L13,IF(E13="שנתי",L13/12,0))) -> 0
L14: =IF(C14="",0,C14*IF(D14="USD",הגדרות!$B$5,IF(D14="EUR",הגדרות!$B$6,1))) -> 0 | M14: =IF(OR(C14="",G14="בוטל"),0,IF(OR(E14="חודשי",E14="לפי שימוש"),L14,IF(E14="שנתי",L14/12,0))) -> 0
L15: =IF(C15="",0,C15*IF(D15="USD",הגדרות!$B$5,IF(D15="EUR",הגדרות!$B$6,1))) -> 0 | M15: =IF(OR(C15="",G15="בוטל"),0,IF(OR(E15="חודשי",E15="לפי שימוש"),L15,IF(E15="שנתי",L15/12,0))) -> 0
L16: =IF(C16="",0,C16*IF(D16="USD",הגדרות!$B$5,IF(D16="EUR",הגדרות!$B$6,1))) -> 0 | M16: =IF(OR(C16="",G16="בוטל"),0,IF(OR(E16="חודשי",E16="לפי שימוש"),L16,IF(E16="שנתי",L16/12,0))) -> 0
L17: =IF(C17="",0,C17*IF(D17="USD",הגדרות!$B$5,IF(D17="EUR",הגדרות!$B$6,1))) -> 0 | M17: =IF(OR(C17="",G17="בוטל"),0,IF(OR(E17="חודשי",E17="לפי שימוש"),L17,IF(E17="שנתי",L17/12,0))) -> 0
L18: =IF(C18="",0,C18*IF(D18="USD",הגדרות!$B$5,IF(D18="EUR",הגדרות!$B$6,1))) -> 0 | M18: =IF(OR(C18="",G18="בוטל"),0,IF(OR(E18="חודשי",E18="לפי שימוש"),L18,IF(E18="שנתי",L18/12,0))) -> 0
L19: =IF(C19="",0,C19*IF(D19="USD",הגדרות!$B$5,IF(D19="EUR",הגדרות!$B$6,1))) -> 0 | M19: =IF(OR(C19="",G19="בוטל"),0,IF(OR(E19="חודשי",E19="לפי שימוש"),L19,IF(E19="שנתי",L19/12,0))) -> 0
L20: =IF(C20="",0,C20*IF(D20="USD",הגדרות!$B$5,IF(D20="EUR",הגדרות!$B$6,1))) -> 0 | M20: =IF(OR(C20="",G20="בוטל"),0,IF(OR(E20="חודשי",E20="לפי שימוש"),L20,IF(E20="שנתי",L20/12,0))) -> 0
L21: =IF(C21="",0,C21*IF(D21="USD",הגדרות!$B$5,IF(D21="EUR",הגדרות!$B$6,1))) -> 0 | M21: =IF(OR(C21="",G21="בוטל"),0,IF(OR(E21="חודשי",E21="לפי שימוש"),L21,IF(E21="שנתי",L21/12,0))) -> 0
L22: =IF(C22="",0,C22*IF(D22="USD",הגדרות!$B$5,IF(D22="EUR",הגדרות!$B$6,1))) -> 0 | M22: =IF(OR(C22="",G22="בוטל"),0,IF(OR(E22="חודשי",E22="לפי שימוש"),L22,IF(E22="שנתי",L22/12,0))) -> 0
L23: =IF(C23="",0,C23*IF(D23="USD",הגדרות!$B$5,IF(D23="EUR",הגדרות!$B$6,1))) -> 0 | M23: =IF(OR(C23="",G23="בוטל"),0,IF(OR(E23="חודשי",E23="לפי שימוש"),L23,IF(E23="שנתי",L23/12,0))) -> 0
... L30: =IF(C30="",0,C30*IF(D30="USD",הגדרות!$B$5,IF(D30="EUR",הגדרות!$B$6,1))) -> 0 | M30: =IF(OR(C30="",G30="בוטל"),0,IF(OR(E30="חודשי",E30="לפי שימוש"),L30,IF(E30="שנתי",L30/12,0))) -> 0
A31: סה"כ לחודש | M31: =SUM(M5:M30) -> 409.5
A34: הוצאות בחודש לפי קטגוריה (עם לקוח אחד)
A35: קטגוריה | B35: לחודש (₪)
A36: שרת | B36: =SUMIFS($M$5:$M$30,$B$5:$B$30,A36) -> 18.5
A37: AI | B37: =SUMIFS($M$5:$M$30,$B$5:$B$30,A37) -> 40.7
A38: וואטסאפ | B38: =SUMIFS($M$5:$M$30,$B$5:$B$30,A38) -> 350.3
A39: כלים | B39: =SUMIFS($M$5:$M$30,$B$5:$B$30,A39) -> 0
A40: שיווק | B40: =SUMIFS($M$5:$M$30,$B$5:$B$30,A40) -> 0
A41: הנהלת חשבונות | B41: =SUMIFS($M$5:$M$30,$B$5:$B$30,A41) -> 0
A42: אחר | B42: =SUMIFS($M$5:$M$30,$B$5:$B$30,A42) -> 0

Sheet לפי מספר לקוחות
A1: 🚀 כמה נשאר לנו לפי מספר לקוחות
A2: חנן במחיר שלו, וכל לקוח חדש במחיר מ"הגדרות". הוצאות קבועות פעם אחת, הוצאות לפי לקוח כפול מספר הלקוחות.
A4: לקוחות | B4: הכנסה בחודש | C4: הוצאות קבועות | D4: הוצאות לפי לקוח | E4: נשאר בחודש | F4: נשאר מכל לקוח | G4: נשאר בשנה | H4: הכנסה בשנה (חודשי בלבד) | I4: מעל תקרת עוסק פטור?
A5: 1 | B5: =הגדרות!$B$7+(A5-1)*הגדרות!$B$8 -> 500 | C5: =הגדרות!$B$15 -> 162.8 | D5: =A5*הגדרות!$B$14 -> 246.7 | E5: =B5-C5-D5 -> 90.5 | F5: =E5/A5 -> 90.5 | G5: =E5*12 -> 1086 | H5: =B5*12 -> 6000 | I5: =IF(H5>הגדרות!$B$10,"⚠️ כן, לעבור לעוסק מורשה","✅ לא") -> ✅ לא
A6: 2 | B6: =הגדרות!$B$7+(A6-1)*הגדרות!$B$8 -> 1090 | C6: =הגדרות!$B$15 -> 162.8 | D6: =A6*הגדרות!$B$14 -> 493.4 | E6: =B6-C6-D6 -> 433.8 | F6: =E6/A6 -> 216.9 | G6: =E6*12 -> 5205.6 | H6: =B6*12 -> 13080 | I6: =IF(H6>הגדרות!$B$10,"⚠️ כן, לעבור לעוסק מורשה","✅ לא") -> ✅ לא
A7: 3 | B7: =הגדרות!$B$7+(A7-1)*הגדרות!$B$8 -> 1680 | C7: =הגדרות!$B$15 -> 162.8 | D7: =A7*הגדרות!$B$14 -> 740.1 | E7: =B7-C7-D7 -> 777.1 | F7: =E7/A7 -> 259.03333 | G7: =E7*12 -> 9325.2 | H7: =B7*12 -> 20160 | I7: =IF(H7>הגדרות!$B$10,"⚠️ כן, לעבור לעוסק מורשה","✅ לא") -> ✅ לא
A8: 4 | B8: =הגדרות!$B$7+(A8-1)*הגדרות!$B$8 -> 2270 | C8: =הגדרות!$B$15 -> 162.8 | D8: =A8*הגדרות!$B$14 -> 986.8 | E8: =B8-C8-D8 -> 1120.4 | F8: =E8/A8 -> 280.1 | G8: =E8*12 -> 13444.8 | H8: =B8*12 -> 27240 | I8: =IF(H8>הגדרות!$B$10,"⚠️ כן, לעבור לעוסק מורשה","✅ לא") -> ✅ לא
A9: 5 | B9: =הגדרות!$B$7+(A9-1)*הגדרות!$B$8 -> 2860 | C9: =הגדרות!$B$15 -> 162.8 | D9: =A9*הגדרות!$B$14 -> 1233.5 | E9: =B9-C9-D9 -> 1463.7 | F9: =E9/A9 -> 292.74 | G9: =E9*12 -> 17564.4 | H9: =B9*12 -> 34320 | I9: =IF(H9>הגדרות!$B$10,"⚠️ כן, לעבור לעוסק מורשה","✅ לא") -> ✅ לא
A10: 6 | B10: =הגדרות!$B$7+(A10-1)*הגדרות!$B$8 -> 3450 | C10: =הגדרות!$B$15 -> 162.8 | D10: =A10*הגדרות!$B$14 -> 1480.2 | E10: =B10-C10-D10 -> 1807 | F10: =E10/A10 -> 301.16667 | G10: =E10*12 -> 21684 | H10: =B10*12 -> 41400 | I10: =IF(H10>הגדרות!$B$10,"⚠️ כן, לעבור לעוסק מורשה","✅ לא") -> ✅ לא
A11: 7 | B11: =הגדרות!$B$7+(A11-1)*הגדרות!$B$8 -> 4040 | C11: =הגדרות!$B$15 -> 162.8 | D11: =A11*הגדרות!$B$14 -> 1726.9 | E11: =B11-C11-D11 -> 2150.3 | F11: =E11/A11 -> 307.18571 | G11: =E11*12 -> 25803.6 | H11: =B11*12 -> 48480 | I11: =IF(H11>הגדרות!$B$10,"⚠️ כן, לעבור לעוסק מורשה","✅ לא") -> ✅ לא
A12: 8 | B12: =הגדרות!$B$7+(A12-1)*הגדרות!$B$8 -> 4630 | C12: =הגדרות!$B$15 -> 162.8 | D12: =A12*הגדרות!$B$14 -> 1973.6 | E12: =B12-C12-D12 -> 2493.6 | F12: =E12/A12 -> 311.7 | G12: =E12*12 -> 29923.2 | H12: =B12*12 -> 55560 | I12: =IF(H12>הגדרות!$B$10,"⚠️ כן, לעבור לעוסק מורשה","✅ לא") -> ✅ לא
A13: 9 | B13: =הגדרות!$B$7+(A13-1)*הגדרות!$B$8 -> 5220 | C13: =הגדרות!$B$15 -> 162.8 | D13: =A13*הגדרות!$B$14 -> 2220.3 | E13: =B13-C13-D13 -> 2836.9 | F13: =E13/A13 -> 315.21111 | G13: =E13*12 -> 34042.8 | H13: =B13*12 -> 62640 | I13: =IF(H13>הגדרות!$B$10,"⚠️ כן, לעבור לעוסק מורשה","✅ לא") -> ✅ לא
A14: 10 | B14: =הגדרות!$B$7+(A14-1)*הגדרות!$B$8 -> 5810 | C14: =הגדרות!$B$15 -> 162.8 | D14: =A14*הגדרות!$B$14 -> 2467 | E14: =B14-C14-D14 -> 3180.2 | F14: =E14/A14 -> 318.02 | G14: =E14*12 -> 38162.4 | H14: =B14*12 -> 69720 | I14: =IF(H14>הגדרות!$B$10,"⚠️ כן, לעבור לעוסק מורשה","✅ לא") -> ✅ לא
A15: 11 | B15: =הגדרות!$B$7+(A15-1)*הגדרות!$B$8 -> 6400 | C15: =הגדרות!$B$15 -> 162.8 | D15: =A15*הגדרות!$B$14 -> 2713.7 | E15: =B15-C15-D15 -> 3523.5 | F15: =E15/A15 -> 320.31818 | G15: =E15*12 -> 42282 | H15: =B15*12 -> 76800 | I15: =IF(H15>הגדרות!$B$10,"⚠️ כן, לעבור לעוסק מורשה","✅ לא") -> ✅ לא
A16: 12 | B16: =הגדרות!$B$7+(A16-1)*הגדרות!$B$8 -> 6990 | C16: =הגדרות!$B$15 -> 162.8 | D16: =A16*הגדרות!$B$14 -> 2960.4 | E16: =B16-C16-D16 -> 3866.8 | F16: =E16/A16 -> 322.23333 | G16: =E16*12 -> 46401.6 | H16: =B16*12 -> 83880 | I16: =IF(H16>הגדרות!$B$10,"⚠️ כן, לעבור לעוסק מורשה","✅ לא") -> ✅ לא
... A24: 20 | B24: =הגדרות!$B$7+(A24-1)*הגדרות!$B$8 -> 11710 | C24: =הגדרות!$B$15 -> 162.8 | D24: =A24*הגדרות!$B$14 -> 4934 | E24: =B24-C24-D24 -> 6613.2 | F24: =E24/A24 -> 330.66 | G24: =E24*12 -> 79358.4 | H24: =B24*12 -> 140520 | I24: =IF(H24>הגדרות!$B$10,"⚠️ כן, לעבור לעוסק מורשה","✅ לא") -> ⚠️ כן, לעבור לעוסק מורשה
A26: שימו לב: "הכנסה בשנה" כאן בלי דמי הקמה. גם הם נספרים לתקרת עוסק פטור.

Sheet הגדרות
A1: ⚙️ הגדרות
A2: תאים צהובים עם כתב כחול: מכאן משנים. כל השאר בכל הקובץ מחושב לבד.
A4: הגדרה | B4: ערך | C4: הסבר
A5: שער דולר (₪) | B5: 3.7 | C5: שער עבודה. לעדכן מדי פעם לפי השער היציג
A6: שער יורו (₪) | B6: 4 | C6: שער עבודה. לעדכן מדי פעם לפי השער היציג
A7: מחיר חודשי של חנן (₪) | B7: 500 | C7: עוסק פטור: בלי מע"מ, כל הסכום שלנו
A8: מחיר חודשי ללקוח חדש (₪) | B8: 590 | C8: בלי "+ מע"מ"
A9: מחיר הקמה ללקוח חדש (₪) | B9: 2500 | C9: חד-פעמי
A10: תקרת עוסק פטור בשנה (₪) | B10: 120000 | C10: הערכה. לוודא את התקרה המעודכנת עם רואה חשבון. גם דמי הקמה נספרים
A11: יעד רווח חודשי (₪) | B11: 3000 | C11: היעד שלנו לרווח בחודש. משנים כשרוצים
A12: החודש שמוצג בלוח הבקרה | B12: 46296 | C12: בוחרים חודש מהרשימה (היום הראשון בחודש)
A14: עלות חודשית ללקוח אחד (מחושב מ"הוצאות") | B14: =SUMPRODUCT((הוצאות!$F$5:$F$30="לכל לקוח")*(הוצאות!$G$5:$G$30<>"בוטל")*הוצאות!$M$5:$M$30) -> 246.7 | C14: 360dialog, המוח, Meta. משמש לחישוב "רווח אם עומדים ביעד"
A15: הוצאות קבועות בחודש (מחושב מ"הוצאות") | B15: =SUMPRODUCT((הוצאות!$F$5:$F$30="קבוע")*(הוצאות!$G$5:$G$30<>"בוטל")*הוצאות!$M$5:$M$30) -> 162.8 | C15: משלמים פעם אחת לכל הלקוחות ביחד
